[{"model": "sessions.session", "pk": "4h3s3rnf2ww2bcwzzbkoe0kkiwy2sn13", "fields": {"session_data": "e30:1uvfGG:e2y40X6ZZWQ7HeEB-IIY4XxNkreWEqOWbHY45jx3cdI", "expire_date": "2025-09-22T17:02:36.881Z"}}, {"model": "sessions.session", "pk": "5bxw3aqux0ubqp0ttzq3ntunr35hyrob", "fields": {"session_data": ".eJxVjEsKAyEQRO_iOgzaHUfNZYZWW5QQhVFXQ-6eDyEky3r1qg6x0Rx5m533rURxEUqcfpmncOX6KkLbefnEvoTZR7u9Ra6jBBql1a_9d5Gp5-ceLagzIlhgFxmjkT4RawU2GVxXIAjBJSBlwGgTVWSNjhMkTyClZnF_AKGaOTo:1uyvVs:kXX9TBuY2f6GKs4GbvDyF3m_qjT8pOkNZA_FneHHYfo", "expire_date": "2025-10-01T17:00:12.692Z"}}, {"model": "sessions.session", "pk": "duskurrq4vhbz1v2yil2oo29vg8zdhr5", "fields": {"session_data": ".eJxVjNsKwyAQRP_F5xI0ro32Z8LuukEpVYj6FPrvvVBK-zhnzsyhVhw9raPJvuaoLsqo0y8j5KuUV8F1l-kT28Sj9Xp7i1J6Zuy5lq_9d5GwpeeeIkQQ0A51XPTG1oJDH8hIILRWu40xWH-eRRv2JkRaPDuAmcRoB07dH8ETOS8:1uwNri:QUyzYedgTLqLIcfIWcB7FO-_r1y8RMrlEKKyIxsYTRQ", "expire_date": "2025-09-24T16:40:14.917Z"}}, {"model": "sessions.session", "pk": "j0r16xrgc8va8o80b0behrhawdy10k3t", "fields": {"session_data": ".eJxVjNsKwyAQRP_F5xI0ro32Z8LuukEpVYj6FPrvvVBK-zhnzsyhVhw9raPJvuaoLsqo0y8j5KuUV8F1l-kT28Sj9Xp7i1J6Zuy5lq_9d5GwpeeeIkQQ0A51XPTG1oJDH8hIILRWu40xWH-eRRv2JkRaPDuAmcRoB07dH8ETOS8:1uvzmw:OHjkq_ekzmMV6BnVO5Vm5HE_N6AT5_d2m3o3bqdNsUg", "expire_date": "2025-09-23T14:57:42.105Z"}}, {"model": "sessions.session", "pk": "lcgr9znrwk9yerani8165e0nlb3ot33l", "fields": {"session_data": "e30:1uvf9T:4FpZEXrSuCTnuuD4qlUZycQI7jh5RF2kE7QsETWVSDc", "expire_date": "2025-09-22T16:55:35.074Z"}}, {"model": "sessions.session", "pk": "rdhtc43yfpigmxuruta4gg0gwnzi65ma", "fields": {"session_data": ".eJxVkPFugyAQxt_Fv3uN4Kx1r7Is5jzOwgTpAGfNsncfumZbSYDw8ePju_ssOpyT7ubIoTOqeC5Ecfiv9UgjT9sF-cDH-zEeaY7Jux3kKRnCZPz0Sz9YaIw6v6_OUjxVlTxLbhVXqin7AbkW8jw01ekkURK1g0TRyKZulFBcVy0PcuhRlmXN2dRiTJ0P6p5VyEcpsfvRxaEITDmXXbsPwwtn8aUYDUfLlGAMEmzaUr7TChion1UEncoGcCJISwTGsInFZoTWMezIYgJbjhHqHZyYxh73cslbZyAICdFhSBDMdMmy9uThTZQ1iDIPhxqkrBcYcmogjeGSOVDmYhLavMerxRWufuEA2XnMFuuaF5fn7bb9Q1sbfOaZNLhRtjVEY3Opf-FGXnuPQYHzuf9A3vW-eP36Btltpo0:1v10r5:AFyoNFJQSQfbkZMTPMsWMfEUVMhEOWqnaPQSlZHqLlM", "expire_date": "2025-10-07T11:06:43.237Z"}}, {"model": "sessions.session", "pk": "xpzyo8ybl2vkx53tyastrizt71h23dll", "fields": {"session_data": "e30:1uvf53:hFawG-weVLhTVe7yBILV_u3XiKJKWV55JXHHARORojA", "expire_date": "2025-09-22T16:51:01.192Z"}}, {"model": "sessions.session", "pk": "zzdypwri0uclchn3wqecmvgk38ceyp8d", "fields": {"session_data": ".eJxVjNsKwyAQRP_F5xI0ro32Z8LuukEpVYj6FPrvvVBK-zhnzsyhVhw9raPJvuaoLsqo0y8j5KuUV8F1l-kT28Sj9Xp7i1J6Zuy5lq_9d5GwpeeeIkQQ0A51XPTG1oJDH8hIILRWu40xWH-eRRv2JkRaPDuAmcRoB07dH8ETOS8:1uvfXb:-xsbcq7SG_aHj31tCaXmHpzavL1ZI6BE6lBVh4aMroI", "expire_date": "2025-09-22T17:20:31.230Z"}}, {"model": "core.customuser", "fields": {"password": "pbkdf2_sha256$1000000$FzMs3u66F7hWtuiIs8jNoN$xo3r8/tQ5BiBR+0CHW0B0DMcl/tyMnHnkhSMFAfPFtA=", "last_login": "2025-09-22T10:17:19.548Z", "is_superuser": true, "first_name": "x", "last_name": "y", "is_staff": true, "is_active": true, "date_joined": "2025-09-08T16:17:16.565Z", "email": "zzz@gmail.com", "phone_number": null, "account_creation_date": "2025-09-08T16:17:16.798Z", "groups": [], "user_permissions": []}}, {"model": "core.customuser", "fields": {"password": "pbkdf2_sha256$1000000$AGDynkRyyMVl3lHlLFCaV5$mmE0GTkloo0SVxEnMz8nPPxaV5BNM8DPE/tudW9NsxE=", "last_login": "2025-09-21T19:27:30.587Z", "is_superuser": false, "first_name": "g", "last_name": "h", "is_staff": false, "is_active": true, "date_joined": "2025-09-11T16:59:06.894Z", "email": "g@gmail.com", "phone_number": "1234567847", "account_creation_date": "2025-09-11T16:59:07.122Z", "groups": [], "user_permissions": []}}, {"model": "accounts.accountinfo", "pk": 1, "fields": {"user": ["g@gmail.com"]}}, {"model": "orders.order", "pk": 1, "fields": {"first_name": "Samir", "last_name": "Asif", "phone": "01534572878", "street_address": "aftabnagar", "town_city": "dhaka", "country": "Bangladesh", "district": "dhaka", "email": "dfgdfghfghfg@gmail.com", "notes": "ok ok ok", "payment_method": "cod_inside", "transaction_id": null, "subtotal": "2400", "shipping": "50", "total": "2450", "created_at": "2025-09-13T12:07:05.895Z", "completed": false}}, {"model": "orders.order", "pk": 2, "fields": {"first_name": "Samir", "last_name": "Asif", "phone": "01534572878", "street_address": "Aftabnagar", "town_city": "Dhaka", "country": "Bangladesh", "district": "Barishal", "email": "samirasif529@gmail.com", "notes": "ok", "payment_method": "cod_inside", "transaction_id": "", "subtotal": "290000", "shipping": "50", "total": "290050", "created_at": "2025-09-13T16:04:15.010Z", "completed": false}}, {"model": "orders.order", "pk": 3, "fields": {"first_name": "Samir", "last_name": "Asif", "phone": "01534572878", "street_address": "Aftabnagar", "town_city": "Dhaka", "country": "Bangladesh", "district": "", "email": "samirasif529@gmail.com", "notes": "ok", "payment_method": "cod_outside", "transaction_id": "53856343dfgdfdgdfg", "subtotal": "290000", "shipping": "99", "total": "290099", "created_at": "2025-09-13T16:05:07.539Z", "completed": false}}, {"model": "orders.order", "pk": 4, "fields": {"first_name": "Samir", "last_name": "Asif", "phone": "01534572878", "street_address": "Aftabnagar", "town_city": "Dhaka", "country": "Bangladesh", "district": "", "email": "samirasif529@gmail.com", "notes": "good", "payment_method": "cod_inside", "transaction_id": "", "subtotal": "435000", "shipping": "60", "total": "0", "created_at": "2025-09-14T15:08:42.013Z", "completed": true}}, {"model": "orders.order", "pk": 5, "fields": {"first_name": "Samir", "last_name": "Asif", "phone": "01534572878", "street_address": "Aftabnagar", "town_city": "Dhaka", "country": "Bangladesh", "district": "", "email": "samirasif529@gmail.com", "notes": "", "payment_method": "cod_inside", "transaction_id": "", "subtotal": "435000", "shipping": "60", "total": "0", "created_at": "2025-09-14T15:27:13.823Z", "completed": true}}, {"model": "orders.order", "pk": 6, "fields": {"first_name": "Samir", "last_name": "Asif", "phone": "01534572878", "street_address": "Aftabnagar", "town_city": "", "country": "Bangladesh", "district": "", "email": "", "notes": "", "payment_method": "cod_outside", "transaction_id": "542452452", "subtotal": "435000", "shipping": "100", "total": "435100", "created_at": "2025-09-14T15:29:38.455Z", "completed": true}}, {"model": "orders.order", "pk": 7, "fields": {"first_name": "Samir", "last_name": "Asif", "phone": "01534572878", "street_address": "Aftabnagar", "town_city": "", "country": "Bangladesh", "district": "", "email": "", "notes": "", "payment_method": "cod_outside", "transaction_id": "542452452", "subtotal": "435000", "shipping": "100", "total": "435100", "created_at": "2025-09-14T15:38:06.326Z", "completed": true}}, {"model": "orders.order", "pk": 8, "fields": {"first_name": "Nahid", "last_name": "Hasan", "phone": "014367269", "street_address": "Aftabnagar", "town_city": "Dhaka", "country": "Bangladesh", "district": "Dhaka", "email": "nahid@gmail.com", "notes": "", "payment_method": "cod_outside", "transaction_id": "", "subtotal": "2850", "shipping": "100", "total": "2950", "created_at": "2025-09-22T08:59:31.793Z", "completed": true}}, {"model": "orders.order", "pk": 9, "fields": {"first_name": "Rokon", "last_name": "", "phone": "01534572878", "street_address": "Aftabnagar", "town_city": "", "country": "Bangladesh", "district": "", "email": "", "notes": "", "payment_method": "cod_inside", "transaction_id": null, "subtotal": "3900", "shipping": "60", "total": "3960", "created_at": "2025-09-22T10:21:29.424Z", "completed": true}}, {"model": "orders.order", "pk": 10, "fields": {"first_name": "Nahid", "last_name": "", "phone": "01534572878", "street_address": "Aftabnagar", "town_city": "", "country": "Bangladesh", "district": "", "email": "", "notes": "", "payment_method": "cod_inside", "transaction_id": "", "subtotal": "9897", "shipping": "60", "total": "9957", "created_at": "2025-09-22T10:22:54.295Z", "completed": true}}, {"model": "orders.order", "pk": 11, "fields": {"first_name": "Rokon", "last_name": "Hasan", "phone": "01538412368", "street_address": "Aftabnagar", "town_city": "Dhaka", "country": "Bangladesh", "district": "Faridpur", "email": "rokon@gmail.com", "notes": "abcd", "payment_method": "cod_inside", "transaction_id": "", "subtotal": "2850", "shipping": "60", "total": "2910", "created_at": "2025-09-22T10:23:57.982Z", "completed": true}}, {"model": "orders.order", "pk": 12, "fields": {"first_name": "Samir", "last_name": "", "phone": "01534572878", "street_address": "Aftabnagar", "town_city": "", "country": "Bangladesh", "district": "Barishal", "email": "", "notes": "", "payment_method": "cod_inside", "transaction_id": null, "subtotal": "85000", "shipping": "60", "total": "85060", "created_at": "2025-09-22T14:03:13.524Z", "completed": true}}, {"model": "orders.orderitem", "pk": 1, "fields": {"order": 2, "product": "gigabyte-a16-ga6h-core-i7-13th-gen-16-fhd-wuxga-nvidia-rtx-5050-gaming-laptop", "color": null, "quantity": 2}}, {"model": "orders.orderitem", "pk": 2, "fields": {"order": 3, "product": "gigabyte-a16-ga6h-core-i7-13th-gen-16-fhd-wuxga-nvidia-rtx-5050-gaming-laptop", "color": null, "quantity": 2}}, {"model": "orders.orderitem", "pk": 3, "fields": {"order": 4, "product": "gigabyte-a16-ga6h-core-i7-13th-gen-16-fhd-wuxga-nvidia-rtx-5050-gaming-laptop", "color": null, "quantity": 3}}, {"model": "orders.orderitem", "pk": 4, "fields": {"order": 5, "product": "gigabyte-a16-ga6h-core-i7-13th-gen-16-fhd-wuxga-nvidia-rtx-5050-gaming-laptop", "color": null, "quantity": 3}}, {"model": "orders.orderitem", "pk": 5, "fields": {"order": 6, "product": "gigabyte-a16-ga6h-core-i7-13th-gen-16-fhd-wuxga-nvidia-rtx-5050-gaming-laptop", "color": null, "quantity": 3}}, {"model": "orders.orderitem", "pk": 6, "fields": {"order": 7, "product": "gigabyte-a16-ga6h-core-i7-13th-gen-16-fhd-wuxga-nvidia-rtx-5050-gaming-laptop", "color": null, "quantity": 3}}, {"model": "orders.orderitem", "pk": 7, "fields": {"order": 8, "product": "realme-buds-wireless-5-anc-neckband", "color": null, "quantity": 1}}, {"model": "orders.orderitem", "pk": 8, "fields": {"order": 9, "product": "qcy-arcbuds-ht07-anc-tws-earbuds", "color": null, "quantity": 2}}, {"model": "orders.orderitem", "pk": 9, "fields": {"order": 10, "product": "logitech-mk295-silent-wireless-keyboard-mouse-combo", "color": null, "quantity": 3}}, {"model": "orders.orderitem", "pk": 10, "fields": {"order": 11, "product": "realme-buds-wireless-5-anc-neckband", "color": null, "quantity": 1}}, {"model": "orders.orderitem", "pk": 11, "fields": {"order": 12, "product": "lenovo-ideapad-flex-5-14abr8-ryzen-5-5625u-14-wuxza-x360-touch-laptop", "color": null, "quantity": 1}}, {"model": "store.category", "pk": 3, "fields": {"name": "Laptop", "slug": "laptop"}}, {"model": "store.category", "pk": 4, "fields": {"name": "Desktop", "slug": "desktop"}}, {"model": "store.category", "pk": 5, "fields": {"name": "Component", "slug": "component"}}, {"model": "store.category", "pk": 6, "fields": {"name": "Accessories", "slug": "accessories"}}, {"model": "store.category", "pk": 7, "fields": {"name": "Gadget", "slug": "gadget"}}, {"model": "store.category", "pk": 8, "fields": {"name": "Monitor", "slug": "monitor"}}, {"model": "store.product", "pk": "acer-aspire-lite-al15-52-core-i3-12th-gen-16gb-ram-156-fhd-laptop", "fields": {"category": 3, "name": "Acer Aspire Lite AL15-52 Core i3 12th Gen 16GB RAM 15.6\" FHD Laptop", "product_adding_date": "2025-09-22T14:50:45.393Z", "regular_price": "56000", "special_price": "52900", "stock": 13, "status": "in_stock", "product_code": "45253", "brand": "Acer", "model": "Aspire Lite AL15-52", "color": null, "specification": "MPN: UN.321SI.011.\r\nModel: Aspire Lite AL15-52\r\nProcessor: Intel Core i3-1215U (10M Cache, up to 4.40 GHz)\r\nRAM: 16GB 3200Mhz DDR4, Storage: 512GB SSD\r\nDisplay: 15.6\" FHD (1920x1080) TFT LCD\r\nFeatures: Stereo Speaker, Type-C", "description": "Acer Aspire Lite AL15-52 Core i3 12th Gen 16GB RAM 15.6\" FHD Laptop\r\n\r\nThe Acer Aspire Lite AL15-52 Core i3 12th Gen 16GB RAM 15.6\" FHD Laptop is designed to deliver reliable performance and versatility for everyday computing tasks. Powered by the Intel Core i3-1215U processor, which features 6 cores and 8 threads with a maximum turbo frequency of 4.4 GHz, this laptop ensures smooth and efficient multitasking. The 16GB DDR4 RAM provides ample memory for running multiple applications simultaneously, while the 512GB PCIe Gen3 NVMe SSD offers fast storage and quick access to your files and programs. The 15.6-inch Full HD (1920 x 1080) LED-backlit TFT LCD display delivers crisp and vibrant visuals, making it ideal for both work and entertainment. Integrated Intel UHD Graphics ensures smooth video playback and casual gaming. This laptop also features a range of connectivity options, including Realtek 8822 CE WLAN for fast wireless internet, Bluetooth 5.0, and multiple USB ports (two USB 2.0, one USB 3.2 Gen1, and one USB 3.2 Gen2 Type-C). The HDMI port allows you to connect to external displays for enhanced productivity. The Acer Aspire Lite AL15-52 is equipped with an HD webcam and dual stereo speakers, making it perfect for video calls and multimedia use. The 3-cell Lithium-Ion battery with a capacity of 36Wh provides reliable power for extended use, and the 45W AC adapter ensures quick recharging. Weighing just 1.59 kg and featuring a sleek steel gray design, this laptop is both portable and stylish. Whether you're browsing the web, working on documents, or enjoying multimedia content, the Acer Aspire Lite AL15-52 offers a balanced combination of performance, portability, and value.", "warranty": "2 Years Warranty", "warranty_details": "(Battery & Adapter 1 Year)", "product_image": "Products/yoga-pro-7-14asp9-01-500x500_ehmkmcz.webp"}}, {"model": "store.product", "pk": "amd-ryzen-5-2700g-processor-gaming-desktop-pc", "fields": {"category": 4, "name": "AMD Ryzen 5 2700G Processor Gaming Desktop PC", "product_adding_date": "2025-09-17T17:02:09.250Z", "regular_price": "50000", "special_price": "45000", "stock": 4, "status": "in_stock", "product_code": "25088", "brand": "AMD", "model": "AMD Ryzen 5 2700G Processor Desktop PC", "color": "Black", "specification": "ssssssssssssssssssssss ssssssssss ssssssss", "description": "dddddddddddd ddddddddddd", "warranty": "1 Year", "warranty_details": "", "product_image": "Products/amd-ryzen-5-3400g-processor-desktop-pc-002-500x500.webp"}}, {"model": "store.product", "pk": "amd-ryzen-5-3400g-processor-gaming-desktop-pc", "fields": {"category": 4, "name": "AMD Ryzen 5 3400G Processor Gaming Desktop PC", "product_adding_date": "2025-09-14T18:44:02.227Z", "regular_price": "24990", "special_price": "22860", "stock": 5, "status": "in_stock", "product_code": "25068", "brand": "AMD", "model": "AMD Ryzen 5 3400G Processor Desktop PC", "color": null, "specification": "AMD Ryzen 5 3400G Processor with Radeon RX Vega 11 Graphics\r\nColorful BATTLE-AX B450M-K M.2 V14 AM4 mATX Motherboard\r\nColorful Battle-AX DDR4 8GB 3200MHz Desktop RAM\r\nColorful CN600 PRO 256GB M.2 NVMe SSD", "description": "AMD Ryzen 5 3400G Processor Gaming Desktop PC\r\nThe AMD Ryzen 5 3400G Processor Gaming Desktop PC is a powerful and well-balanced build designed for smooth gaming and multitasking performance. At its core, it features the AMD Ryzen 5 3400G processor, a 4-core, 8-thread CPU with a base clock of 3.7GHz and boost up to 4.2GHz, delivering exceptional speed for modern gaming and productivity. The processor comes integrated with Radeon RX Vega 11 Graphics, ensuring seamless graphics performance without requiring a dedicated GPU. It runs on the Colorful BATTLE-AX B450M-K M.2 V14 AM4 mATX motherboard, supporting Ryzen 5000/5000G/3rd/2nd/1st Gen CPUs for future upgrade flexibility. The system includes 8GB Colorful Battle-AX DDR4 RAM running at 3200MHz with 1.35V working voltage, providing fast and stable multitasking. For storage, it comes with a Colorful CN600 PRO 256GB M.2 NVMe SSD, offering 3200MB/s read and 1200MB/s write speeds with 3D NAND technology for durability and reliability. The motherboard supports up to 64GB DDR4 RAM, features 1x M.2 slot, HDMI 2.0, VGA output, and RTL8111H Gigabit LAN for high-speed connectivity. Housed in a tempered glass and steel case, it comes with 4 pre-installed cooling fans, 4 PCI slots, and a 200W pre-installed power supply for efficient cooling and power delivery. This gaming PC combines speed, durability, and upgrade potential, making it ideal for gamers and content creators looking for a cost-effective, high-performance system.\r\n\r\nFor More Details Please Visit:\r\n\r\nAMD Ryzen 5 3400G Processor with Radeon RX Vega 11 Graphics\r\n\r\nColorful BATTLE-AX B450M-K M.2 V14 AM4 mATX Motherboard\r\n\r\nColorful Battle-AX DDR4 8GB 3200MHz Desktop RAM\r\n\r\nColorful CN600 PRO 256GB M.2 NVMe SSD\r\n\r\nT-Wolf Phantom X4 RGB M-ATX Mid Tower Gaming Case With 200W PSU", "warranty": "3 Years", "warranty_details": "(No Warranty for Fan or Cooler)", "product_image": "Products/amd-ryzen-5-3400g-processor-gaming-pc-003-500x500.webp"}}, {"model": "store.product", "pk": "aoc-24g11ze-238-240hz-fhd-fast-ips-gaming-monitor", "fields": {"category": 8, "name": "AOC 24G11ZE 23.8\" 240Hz FHD Fast IPS Gaming Monitor", "product_adding_date": "2025-09-23T11:20:53.996Z", "regular_price": "23000", "special_price": null, "stock": 6, "status": "in_stock", "product_code": "45836", "brand": "AOC", "model": "24G11ZE", "color": null, "specification": "Model: 24G11ZE\r\nResolution: FHD (1920 x 1080)\r\nDisplay: FAST IPS, 240Hz, 1ms(GTG), 0.3ms (MPRT)\r\nPorts: 1x HDMI 2.0, 1x DisplayPort 1.4\r\nFeatures: G-Sync, Adaptive Sync, Flicker Free, HDR 10", "description": "AOC 24G11ZE 23.8\" 240Hz FHD Fast IPS Gaming Monitor\r\n\r\nThe AOC 24G11ZE Gaming Monitor is an excellent alternative for gamers that want ultra-smooth images and responsive performance. The AOC 24G11ZE 23.8\" Gaming Monitor has a Fast IPS panel with Full HD (1920 ├ù 1080) resolution, 300 cd/m┬▓ brightness, 1000:1 contrast ratio, and an outstanding color gamut of sRGB 127% (CIE1931) and DCI-P3 94% (CIE1976).With an overclocked 240Hz refresh rate and ultra-fast response times of 1ms (GtG) and 0.3ms (MPRT), it ensures tear-free, fluid gameplay during intense action scenes. Equipped with G-Sync compatibility, Adaptive Sync, HDR10, and Flicker-Free technology, this AOC 24G11ZE 23.8\" Monitor provides a superior gaming experience with smooth visuals and reduced eye strain. Connectivity options include 1x HDMI 2.0, 1x DisplayPort 1.4, and an audio jack, along with HDCP 2.2 support. The sleek black and red design offers ergonomic tilt adjustment (-5┬░ to 20┬░) and VESA 100├ù100mm wall-mount compatibility. Weighing 3.30kg with stand and powered by an external 12VDC adapter, it consumes only 30W while delivering cutting-edge gaming performance.\r\nRule the Competition with Fast IPS\r\n\r\nThe AOC 24G11ZE Gaming Monitor uses Fast IPS technology, delivering speeds 4x faster than traditional IPS panels. With an incredible 1ms GTG response time, it eliminates motion blur and ghosting, ensuring sharp, crystal-clear visuals even in the most intense gaming moments. Experience superior color accuracy, ultra-smooth gameplay, and the ultimate competitive edge that takes your performance to the next level.\r\nGaming-Optimized Weapon With 240Hz Refresh Rate\r\n\r\nStep into the world of professional esports with a monitor built for champions. With 240Hz refresh rate and an ultra-fast 0.3ms response time, experience unparalleled smoothness and lightning-quick reactions in every frame. Perfect for competitive environments, this performance boost helps you maintain precision, sharpen your reflexes, and deliver flawless teamwork when every millisecond counts.\r\nProtect Your Eyes with Flicker-Free Technology\r\n\r\nThe AOC 24G11ZE Gaming Monitor comes with advanced Flicker-Free technology, designed to reduce screen flicker and deliver a more comfortable gaming experience. Unlike traditional LED monitors that use PWM (Pulse Width Modulation) to adjust brightnessΓÇöcausing invisible flicker and eye strain over long sessionsΓÇöAOC uses a DC (Direct Current) backlight system. This ensures a stable, flicker-free display that minimizes eye fatigue, making it ideal for extended gaming or work hours while promoting a healthier viewing experience.", "warranty": "3 years warranty", "warranty_details": "", "product_image": "Products/24g11ze-01-500x500_2KaPKuM.webp"}}, {"model": "store.product", "pk": "aoc-agon-pro-ag276qkd-265-480hz-qhd-oled-gaming-monitor", "fields": {"category": 8, "name": "AOC AGON PRO AG276QKD 26.5\" 480Hz QHD OLED Gaming Monitor", "product_adding_date": "2025-09-22T14:43:48.399Z", "regular_price": "160000", "special_price": "139900", "stock": 24, "status": "up_coming", "product_code": "68247", "brand": "AOC", "model": "AGON PRO AG276QKD", "color": null, "specification": "Model: AGON PRO AG276QKD\r\nResolution: QHD (2560X1440)\r\nDisplay: OLED, 480Hz, 0.03ms\r\nPorts: 2x HDMI 2.1, 2x DisplayPort 1.4, 2x USB 3.2 Gen1\r\nFeatures: AdaptiveSync, HDR400, Flicker Free, 5W x 2", "description": "AOC AGON PRO AG276QKD 26.5\" 480Hz QHD OLED Gaming Monitor\r\n\r\nRelive True Gaming experience with the AOC AGON PRO AG276QKD 26.5\" 480Hz QHD OLED Gaming Monitor.The OLED display allows you to sit at home and immerse yourself in the fantasy-like game world. Even in the darkest environment, it can create highly detailed images for you. The AOC AGON PRO AG276QKD Gaming monitor has a 480Hz Refresh Rate for smoother gaming experiece. And with the Adaptive Sync Support your Gaming experiece will be Smoother and Clearer. With Support for Flicker Free Technology and 10 bit color support your Games will look much Vivid in the AOC AG276QKD Gaming MOnitor.\r\nDisplayHDR 400 True Black\r\n\r\nHigh Dynamic Range (HDR) displays offer superior contrast, color accuracy, and bright colors compared to Standard Dynamic Range (SDR) displays. The DisplayHDR True Black 400 of this AOC AGON PRO AG276QKD Gaming Monitor is optimized for OLED screens and is a significant improvement in visual technology. DisplayHDR True Black 400 utilizes OLED monitors' individual pixel dimming to achieve deeper black levels, wider dynamic range, and faster rise time, resulting in a stunning visual experience.\r\n10 Bit Color Support\r\n\r\nExplore your favorite photographs and videos in greater depth. Immerse yourself in settings including both bright and dark parts. With genuine 10-bit color technology, compatibility for DCI-P3 98.5% color spaces, and color accuracy ╬öE<2, as well as a wide range of connectivity options, this display offers unparalleled motion, gaming, and visual experiences.\r\n480Hz Refresh for Next Level Smoothness\r\n\r\nWith a refresh rate of 480Hz and a response time of 0.03ms, The AOC AGON PRO AG276QKD Gaming monitors display meets professional gaming standards. Enjoy a seamless experience with no noticeable screen blur, ensuring you're always ready to win.", "warranty": "3 years Warranty", "warranty_details": "", "product_image": "Products/agon-pro-ag276qkd-001-500x500.webp"}}, {"model": "store.product", "pk": "cc", "fields": {"category": 5, "name": "XYZ Casing", "product_adding_date": "2025-09-09T16:55:39.868Z", "regular_price": "4800", "special_price": "4300", "stock": 4, "status": "in_stock", "product_code": "c", "brand": "c", "model": "c", "color": "c", "specification": "nn", "description": "n", "warranty": "1 Year", "warranty_details": "", "product_image": "Products/case_JhDym97.jpg"}}, {"model": "store.product", "pk": "ccc", "fields": {"category": 5, "name": "Desktop Casing", "product_adding_date": "2025-09-17T19:23:11.275Z", "regular_price": "7500", "special_price": null, "stock": 0, "status": "in_stock", "product_code": "cccccccc", "brand": "ccc", "model": "ccc", "color": null, "specification": "ccc", "description": "ccc", "warranty": "1 Year", "warranty_details": "", "product_image": "Products/aura-gc5-elite-wh-argb-01-500x500.webp"}}, {"model": "store.product", "pk": "colmi-r12-smart-ring", "fields": {"category": 7, "name": "COLMI R12 Smart Ring", "product_adding_date": "2025-09-22T14:36:22.462Z", "regular_price": "4015", "special_price": "3650", "stock": 17, "status": "in_stock", "product_code": "42289", "brand": "COLMI", "model": "R12", "color": "Silver", "specification": "Model: R12\r\nWireless Charging, Sensor: ST LIS2DOC\r\nCommpatibility: Android 5.1 / iOS 8.0 Above\r\nConnectivity: Bluetooth 5.2, 18mAh Battery (Size 10)\r\nIP68 & 5ATM Waterproof", "description": "COLMI R12 Smart Ring\r\n\r\nThe Colmi R12 Smart Ring is a sleek and innovative Colmi Smart Ring that blends advanced health tracking with a stylish, minimal design, making it a perfect accessory for fitness enthusiasts, wellness-focused users, and tech-savvy individuals. With its vibrant touch-sensitive display, the Colmi R12 Smart Ring allows users to conveniently monitor real-time health stats such as heart rate, blood oxygen levels (SpOΓéé), sleep quality, step count, and battery status directly from their finger, eliminating the constant need to check a smartphone or smartwatch. It also features gesture control, enabling intuitive interactions like music playback or camera control with simple hand movements. Designed for active lifestyles, it supports multiple sports modes including walking, running, cycling, and swimming, providing in-depth data on distance, calories burned, steps taken, and workout time. Built for durability, the Colmi Smart Ring boasts a 5ATM and IP68 waterproof rating, making it ideal for swimming and other water-based activities. Its compact body houses a lithium polymer battery, 15 mAh for ring sizes 7 to 9 and 18 mAh for sizes 10 to 13, offering impressive battery life with convenient wireless charging. Compatible with Android 5.1 and iOS 8.0 or above, the ring syncs effortlessly with the QRing app to deliver detailed health insights and activity tracking. Available in elegant black, gold, and silver finishes and a variety of sizes from 7 to 13, the Colmi R12 Smart Ring offers a fashionable and functional solution for those seeking a compact, high-tech health companion that fits right on their finger.", "warranty": "1 Year", "warranty_details": "", "product_image": "Products/r12-silver-01-500x500.webp"}}, {"model": "store.product", "pk": "gigabyte-a16-ga6h-core-i7-13th-gen-16-fhd-wuxga-nvidia-rtx-5050-gaming-laptop", "fields": {"category": 3, "name": "Gigabyte A16 GA6H Core i7 13th Gen 16\" FHD+ WUXGA Nvidia RTX 5050 Gaming Laptop", "product_adding_date": "2025-09-12T16:41:44.961Z", "regular_price": "155000", "special_price": "145000", "stock": 13, "status": "in_stock", "product_code": "25087", "brand": "Gigabyte", "model": "Gaming A16 GA6H CMH", "color": "Black, Silver", "specification": "Processor: Intel Core i7-13620H (24MB Cache, Up to 4.9GHz)\r\nRAM: 16GB DDR5 5200MHz, Storage: 512GB PCIe Gen4x4 SSD\r\nGraphics: Nvidia RTX 5050 8GB GDDR6\r\nFeatures: RGB Backlit Keyboard, Type-C, Wi-Fi 6E", "description": "Gigabyte Gaming A16 GA6H CMH Core i7 13th Gen 16\" FHD+ WUXGA Gaming Laptop\r\nThe Gigabyte Gaming A16 GA6H CMH is a powerhouse 16-inch laptop engineered for speed, clarity, and immersive gameplay. Featuring the cutting-edge Intel Core i7-13620H 13th Gen processor with 10 cores and 16 threads, this machine delivers turbo speeds up to 4.90GHz, ensuring seamless multitasking and ultra-responsive gaming. The vibrant FHD+ WUXGA IPS display with a 165Hz refresh rate and 300-nit brightness brings every frame to life, while the NVIDIA RTX 5050 8GB GDDR6 dedicated graphics card handles high-end visuals with ease. With 16GB DDR5 RAM (5200MHz) and a lightning-fast 512GB Gen 4 NVMe SSD, load times vanish and workflows accelerate. Designed for modern connectivity, it includes Wi-Fi 6E, Bluetooth 5.2, and a versatile array of USB ports including USB-C. The sleek Black Steel chassis, Dolby Atmos audio, and single-color backlit keyboard add style and substance, making it perfect for gamers, creators, and performance enthusiasts alike. Preloaded with Windows 11 Home, the Gigabyte Gaming A16 GA6H CMH 16\" Laptop is your gateway to next-gen gaming and productivity.\r\n\r\n16-Inch FHD+ WUXGA IPS Display\r\nThe Gigabyte Gaming A16 GA6H CMH 16-inch FHD+ WUXGA display offers a resolution of 1920x1200 for sharp and vibrant visuals.", "warranty": "2 Years", "warranty_details": "(Battery & Adapter 1 Year)", "product_image": "Products/gaming-a16-cmh-01-500x500.webp"}}, {"model": "store.product", "pk": "hoco-j105-10000mah-225w-fast-charging-digital-display-power-bank", "fields": {"category": 7, "name": "Hoco J105 10000mAh 22.5W Fast Charging Digital Display Power Bank", "product_adding_date": "2025-09-22T14:39:06.887Z", "regular_price": "1539", "special_price": "1399", "stock": 14, "status": "in_stock", "product_code": "37552", "brand": "Hoco", "model": "J105", "color": "Blue", "specification": "Model: J105\r\nCapacity: 10000mAh 37Wh\r\nOutput Power: Up to 22.5 Watt\r\nPorts: Micro-USB, USB, Type-C, Lightning\r\nDisplay: LED Digital Display of Power Level, Current and Voltage", "description": "Hoco J105 10000mAh 22.5W Fast Charging Digital Display Power Bank\r\n\r\nThe Hoco J105 10000mAh 22.5W Fast Charging Digital Display Power Bank is a compact and powerful solution for keeping your electronics charged on the road. Its sturdy 10000mAh capacity, or 37Wh, combined with its rated 5400mAh (5V TYP 3A) ensures that your important devices will have enough power to last longer. With three flexible input options including Type-C, Micro-USB, and Lightning, this Hoco J105 10000mAh 22.5W Power Bank can be charged up to 18W at a time, making it compatible with a large number of devices. Its two USB-A ports on the output side can each give up to 22.5W max and have variable outputs of 4.5V/5A, 5V/4.5A, 5V/3A, 9V/2A, and 12V/1.5A, which makes it ideal for fast-charging several devices at once. Further versatility is provided by the Type-C output, which has outputs of 5V/2.4A, 9V/2.22A, and 12V/1.67A and can supply up to 20W maximum. With a maximum output cap of 5V/3A, this power bank is a dependable partner for all of your charging requirements. To provide quick charging for a variety of devices, the Hoco J105 supports a wide range of fast charging protocols, including PD3.0, PD20W, QC3.0, QC2.0, FCP, SCP, AFC, VOOC, and DASH. The power bank is made of flame-retardant ABS and PC materials, making it sturdy and secure. It holds two 21700 batteries for maximum performance. Real-time information on voltage, current, and power level is displayed on the device's LED digital display, and the fast-charging indication informs you of the charging status. For consumers looking for a dependable and effective charging option, the Hoco J105 10000mAh Power Bank is a great option because of its power, adaptability, and safety features.", "warranty": "3 Months Warranty", "warranty_details": "(Must Claim With Box & All Accessories)", "product_image": "Products/j105-blue-01-500x500.webp"}}, {"model": "store.product", "pk": "kieslect-kr2-ltd", "fields": {"category": 7, "name": "Kieslect KR2 LTD", "product_adding_date": "2025-09-21T22:47:42.254Z", "regular_price": "5665", "special_price": "5049", "stock": 7, "status": "in_stock", "product_code": "36148", "brand": "Kieslect", "model": "KR2 LTD", "color": null, "specification": "MPN: YFT2117EU\r\nModel: KR2 LTD\r\n1.43ΓÇ¥ Super Dynamic AMOLED Display with AOD\r\nBluetooth Calling, 24/7 Health Monitoring\r\nAI Assistant Access, 4 Mini Games, Calculator\r\nBattery Life: Up to 7 days, IP68 Water Resistant", "description": "Kieslect KR2 LTD\r\n\r\nThe Kieslect KR2 LTD is designed with modern technology, a beautiful appearance, and useful functions to improve everyday living. It uses Bluetooth 5.3 to provide a stable and quick connection with smartphones, allowing for easy one-step pairing for calls, music streaming, and notifications. The Kieslect KR2 LTD is powered by the unique Kieslect OS and comes with a dedicated mobile app that combines health data, settings, and customization choices into a single, easy-to-use interface. The display is powered by a brilliant 1.43-inch Super Dynamic AMOLED screen with a resolution of 466 x 466 pixels and a peak brightness of 1000 cd/m2, providing sharp graphics and exceptional visibility even in direct sunlight. The Always-On Display (AOD) and dual-screen capability improve usability, while the 190+ customisable watch faces let customers personalize their appearance. The Kieslect KR2 LTD is designed for active lifestyles, with IP68 water and sweat resistance, making it ideal for swimming, workouts, and everyday wear in all weather conditions. It includes over 100 sports modes for properly tracking a variety of physical activities, as well as important health monitoring capabilities like SpO2 measurement, heart rate tracking, and a stress calculator. The built-in 360 mAh battery lasts up to 6-7 days on a single charge, with a quick 2-hour charging time, and is powered by a dual-core CPU that boosts performance while conserving power. Kieslect KR2 LTD also has music playback and control, AI voice assistant access for hands-free convenience, a POMODORO timer for better attention, stopwatch, timer, e-card, weather, and calculator. The smart watch even has four built-in mini games, making it an entertaining companion.", "warranty": "1 Year", "warranty_details": "", "product_image": "Products/kr2-ltd-black-500x500.webp"}}, {"model": "store.product", "pk": "klklklkl", "fields": {"category": 4, "name": "Intel 12th Gen Core i5-12400 Desktop PC", "product_adding_date": "2025-09-17T19:06:07.402Z", "regular_price": "41450", "special_price": "36850", "stock": 0, "status": "in_stock", "product_code": "bbbbbbbbbb", "brand": "bbb", "model": "bbbb", "color": "bbbb", "specification": "bbbb", "description": "bbbbbbbbb", "warranty": "1 Year", "warranty_details": "", "product_image": "Products/38909-02-500x500.webp"}}, {"model": "store.product", "pk": "lenovo-ideapad-flex-5-14abr8-ryzen-5-5625u-14-wuxza-x360-touch-laptop", "fields": {"category": 3, "name": "Lenovo IdeaPad Flex 5 14ABR8 Ryzen 5 5625U 14\" WUXZA X360 Touch Laptop", "product_adding_date": "2025-09-22T13:58:20.392Z", "regular_price": "90800", "special_price": "85000", "stock": 10, "status": "in_stock", "product_code": "25689", "brand": "Lenovo", "model": "IdeaPad Flex 5 14ABR8", "color": null, "specification": "MPN: 82XX00JALK\r\nModel: IdeaPad Flex 5 14ABR8\r\nProcessor: AMD Ryzen 5 5625U (6-core/12-thread, 16MB cache, up to 4.3 GHz)\r\nRam: 16GB DDR4, Storage: 512GB SSD\r\nDisplay: 14\" WUXGA (1920x1200) IPS 300nits 60Hz\r\nFeatures: Backlit Keyboard, FHD 1080p with Privacy Shutter", "description": "Lenovo IdeaPad Flex 5 14ABR8 Ryzen 5 5625U 14\" WUXZA Laptop\r\n\r\nThe Lenovo IdeaPad Flex 5 14ABR8 is a convertible Touch laptop built to handle performance, portability, and creativity in one refined package. At its core is the efficient AMD Ryzen 5 5625U processor, featuring 6 cores and 12 threads with a clock speed that reaches up to 4.3GHz. This processor ensures smooth multitasking, quicker app launches, and faster workflows, whether you're editing documents or managing creative projects. Users enjoy crisp visuals on the 14-inch WUXGA IPS touchscreen, which boasts a resolution of 1920x1200, vivid color reproduction, and T├£V-certified low blue light technology for eye comfort during long hours. The 10-point multi-touch screen, supported by the Lenovo Digital Pen, makes drawing, writing, and navigation intuitive. With a sturdy 360-degree hinge, it easily flips from laptop to tablet mode, offering flexibility for professionals, students, and creators. Memory is streamlined and powerful with 16GB LPDDR4x-4266MHz RAM, soldered directly to the board for dual-channel speed and efficiency. The 512GB PCIe┬« 4.0 SSD provides lightning-fast storage, and with support for up to 1TB SSD, users have room to expand. The Lenovo IdeaPad Flex 5 14ABR8 Ryzen 5 5625U X360 Touch laptop is supported by an AMD SoC Platform chipset, ensuring seamless system performance and low power consumption. The Integrated AMD RadeonΓäó Graphics deliver smooth visuals for casual gaming, video streaming, and light content creation. It also features Dolby Audio-enhanced stereo speakers, placed front-facing for an immersive sound experience. Combined with the Realtek┬« ALC3287 HD audio chipset, sound quality remains sharp and dynamic, whether you're in a meeting or enjoying media. Connectivity is future-ready. Enjoy fast wireless speeds with Wi-Fi 6 (802.11ax) and Bluetooth 5.3, plus a suite of ports including USB-C with DisplayPort 1.4, two USB-A 3.2 Gen 1 ports, an HDMI 1.4b output, SD card reader, and a combo headphone/microphone jack. The USB-C port also supports Power Delivery 3.0, simplifying charging and docking options. The 1080p Full HD webcam comes with a built-in privacy shutter to protect your space. There's also a touch-style fingerprint reader on the palm rest for secure login, and a firmware TPM 2.0 security chip enhances hardware-based data protection. The Lenovo IdeaPad Flex 5 14ABR8 Ryzen 5 laptop runs on Windows 11 Home, optimized for performance and productivity. It comes bundled with an Office Trial, so youΓÇÖre ready for work right out of the box. With a 52.5Wh battery and a 65W round-tip power adapter, users can expect extended battery life and efficient charging. Environmentally conscious users will appreciate its ENERGY STAR 9.0 certification, EPEAT Silver registration, and RoHS compliance. The T├£V Rheinland low blue light certification adds one more layer of comfort and safety. The Lenovo IdeaPad Flex 5 14ABR8 Ryzen 5 5625U X360 Touch Laptop is ideal for students, professionals, and creative users alike, providing a full blend of performance, design, and functionality.", "warranty": "2 years International Limited Warranty", "warranty_details": "(Battery 1 year)", "product_image": "Products/82XX00JALK-001-500x500.webp"}}, {"model": "store.product", "pk": "logitech-mk295-silent-wireless-keyboard-mouse-combo", "fields": {"category": 6, "name": "Logitech MK295 Silent Wireless Keyboard & Mouse Combo", "product_adding_date": "2025-09-21T22:41:36.207Z", "regular_price": "3530", "special_price": "3299", "stock": 25, "status": "in_stock", "product_code": "27725", "brand": "Logitech", "model": "MK295", "color": "Black", "specification": "MPN: 920-009814\r\nModel: MK295\r\nWiFi range (in meters): 10 m\r\nSilentTouch Technology\r\nSpill-resistant design\r\nSmooth, responsive cursor control", "description": "Logitech MK295 Silent Wireless Keyboard & Mouse Combo\r\n\r\nThe Logitech MK295 Silent Wireless Keyboard and Mouse Combo come to Keep your attention on your work and avoid becoming distracted. It uses SilentTouch, a proprietary Logitech technology, which reduces keyboard and mouse noise by over 90%. The world's best-selling combo still has the same clicking and typing feel but without the annoying noises.\r\nWork with Fewer Distractions\r\n\r\nIn comparison to the Logitech MK270, the SilentTouch technology by Logitech significantly reduces click and typing noise by over 90%. While maintaining the accustomed typing and clicking sensation of the world's best-selling combo, the left click and typing sound was tested by an independent lab at a distance of one meter.\r\nFull-Size Comfort\r\n\r\nThe full-size Logitech MK295 keyboard's stylish and functional design offers everything you require. The complete num pad and 8 useful shortcuts make data entering and navigation simple.\r\nComfortable and Compact Mouse\r\n\r\nThe Logitech MK295 Keyboard and Mouse Combo is a Portable and contoured shape. On most surfaces, clicking and pointing are fluid and precise. Not to mention the remarkable silence made possible with SilentTouch.\r\nLag-Free Wireless\r\n\r\nThe Logitech MK295 Combo with Forget about drop-outs and lag owing to a powerful, dependable 2.4 GHz wireless connection with a 10 m range. With a USB receiver that is so small it can stay within your computer, you can free up space on your desk.\r\nDurable and Reliable\r\n\r\nThe spill-proof construction restricted testing (maximum of 60 ml liquid spillage). Never submerge a keyboard in water. Durable keys and strong tilt legs with adjustable height provide another level of practicality and comfort.\r\nLong-Lasting Battery\r\n\r\nThe Logitech MK295 Silent Wireless Keyboard & Mouse Combo has A 36-month keyboard and 18-month mouse battery life along with on/off switches which means you can go for months without the hassle of changing batteries.", "warranty": "1 Year", "warranty_details": "", "product_image": "Products/mk295-01-500x500.webp"}}, {"model": "store.product", "pk": "m", "fields": {"category": 5, "name": "XYZ Graphics Card", "product_adding_date": "2025-09-09T16:53:09.866Z", "regular_price": "26375", "special_price": "23450", "stock": 3, "status": "out_of_stock", "product_code": "m", "brand": "m", "model": "m", "color": "m", "specification": "mmm", "description": "mm", "warranty": "1 Year", "warranty_details": "fgdgdf", "product_image": "Products/gpu.jpg"}}, {"model": "store.product", "pk": "m-1", "fields": {"category": 8, "name": "m", "product_adding_date": "2025-09-23T11:51:14.062Z", "regular_price": "5555555", "special_price": null, "stock": 0, "status": "in_stock", "product_code": "7777777", "brand": "m", "model": "m", "color": null, "specification": "dfg", "description": "dfg", "warranty": "1 Year", "warranty_details": "", "product_image": "Products/aura-gc5-elite-wh-argb-01-500x500_NI6aG8i.webp"}}, {"model": "store.product", "pk": "m-2", "fields": {"category": 8, "name": "m", "product_adding_date": "2025-09-23T12:01:09.633Z", "regular_price": "5555555", "special_price": null, "stock": 0, "status": "in_stock", "product_code": "7777744", "brand": "m", "model": "m", "color": null, "specification": "dfg", "description": "dfg", "warranty": "1 Year", "warranty_details": "", "product_image": ""}}, {"model": "store.product", "pk": "p", "fields": {"category": 3, "name": "XYZ Laptop", "product_adding_date": "2025-09-08T17:21:55.958Z", "regular_price": "98990", "special_price": "95990", "stock": 1, "status": "in_stock", "product_code": "452452", "brand": "p", "model": "p", "color": "p", "specification": "fghfh", "description": "fgh", "warranty": "1 Year", "warranty_details": "", "product_image": "Products/acer-aspire-lite-al15-52-intel-core-i3-1215u-8gb-11736252379_UHCr3AC.webp"}}, {"model": "store.product", "pk": "qcy-arcbuds-ht07-anc-tws-earbuds", "fields": {"category": 7, "name": "QCY ArcBuds HT07 ANC TWS Earbuds", "product_adding_date": "2025-09-21T22:59:25.879Z", "regular_price": "2350", "special_price": "1950", "stock": 50, "status": "in_stock", "product_code": "34583", "brand": "QCY", "model": "ArcBuds HT07 ANC", "color": "Black, White", "specification": "Model: ArcBuds HT07 ANC\r\nBrand: QCY\r\n10mm Large Biomembrane Driver, 360┬░ Surround Sound\r\n6 Noise-cancellation mic, 40dB Hybrid-ANC\r\nBattery capacity (case): 350mAh, 32 Hrs Playtime\r\nFeatures: IPX5 Waterproof, Touch Control, Game Mode", "description": "QCY HT05 TWS ANC Wireless Earbuds\r\n\r\nThe QCY ArcBuds HT07 ANC TWS Earbuds provide immersive sound with 40dB Hybrid ANC Noise Cancellation. These QCY ArcBuds HT07 ANC Earbuds adapt to your surroundings, providing perfect sound quality while removing ambient noise. To maximize comfort, select one of four specialized noise cancellation modes: Indoor, Commuting, Outdoor or Intelligent Anti-Wind Noise Mode. The clever anti-wind noise algorithm efficiently eliminates wind interference, making the QCY ArcBuds HT07 ANC True Wireless Earbuds ideal for jogging, cycling and other outdoor sports. Keep in touch with 6 Mics ENC & AI-Enhanced Conversations, which isolate background noise and accurately record your voice for pristine conversations, video chats and live streaming using a cutting-edge AI algorithm. The Upgraded Transparency Mode provides six configurable degrees of awareness, including Vocal Enhancement Mode, which allows for easy face-to-face interactions without removing the QCY ArcBuds HT07 ANC Buds. These earbuds, powered by a 10mm Large Biomembrane Driver, produce 360┬░ surround stereo sound with balanced three-frequency output, resulting in deep bass, clean mids and dazzling treble for a high-fidelity listening experience. The QCY ArcBuds HT07 ANC TWS has Bluetooth 5.2 and the Wuqi WQ7003AR chipset, resulting in a robust, low-latency connection with improved transmission performance. The 32-hour battery life combined with USB-C quick charging allows for uninterrupted music listening. The lightweight QCY ArcBuds HT07 ANC are designed for maximum comfort, with tiny ear wings for a snug fit and an IPX5 waterproof rating to protect against sweat and rain. Additional features like as touch controls, gaming mode and compatibility for the QCY app (with pairing pop-up, configurable controls, EQ adjustment and sleep mode) make these earbuds a flexible option for everyone. With a 15-meter wireless range, AAC and SBC audio codec compatibility and a sleek ergonomic design, the QCY HT07 Earbuds redefine quality wireless audio.", "warranty": "6 months", "warranty_details": "(Please preserve box to claim warranty)", "product_image": "Products/arcbuds-ht07-anc-01-500x500.webp"}}, {"model": "store.product", "pk": "realme-buds-wireless-5-anc-neckband", "fields": {"category": 7, "name": "Realme Buds Wireless 5 ANC Neckband", "product_adding_date": "2025-09-22T06:27:34.012Z", "regular_price": "2950", "special_price": "2850", "stock": 40, "status": "in_stock", "product_code": "25786", "brand": "Realme", "model": "Buds Wireless 5", "color": "Midnight Black, Twilight Purple, Dawn Silver", "specification": "Model: Buds Wireless 5\r\nDriver Size: 13.6mm Dynamic Bass Driver\r\nNoise Canceling: Up to 50dB Hybrid ANC, 5-Mic Set Up\r\nPlaytime: Up to 20 hrs Playback (ANC), Up to 38 hrs Playback (ANC off)\r\nIP55 Water & Dust Resistant, Dual-device Connection", "description": "Realme Buds Wireless 5 ANC Neckband\r\n\r\nThe Realme Buds Wireless 5 ANC Neckband is a next-gen audio solution designed for users who demand immersive sound, smart noise control, and seamless connectivity. With a powerful 13.6mm dynamic bass driver, advanced BT8931 chipset, and support for Bluetooth 5.4, this Realme Wireless Neckband delivers ultra-low latency, rich audio detail, and multi-device pairing for maximum flexibility.\r\n\r\nWhether you're commuting, gaming, or working out, the Realme Buds Wireless 5 Neckband adapts to your lifestyle with 50dB Hybrid ANC, 5-Mic ENC for calls, 360┬░ Spatial Audio, and IP55-rated Waterproof Neckband durability. Add in 38 hours of battery life, fast charging, and Realme Link app support, and youΓÇÖve got a feature-packed neckband that punches well above its price point.\r\n\r\nKey Features of Realme Buds Wireless 5\r\n\r\n50dB Hybrid ANC : Industry-leading noise cancellation with adaptive 3-level control for personalized quiet zones\r\n\r\n5-Mic ENC for Calls : Crystal-clear voice pickup with advanced environmental noise filtering\r\n\r\n13.6mm Dynamic Bass Driver : Deep, punchy bass and crisp highs for immersive audio\r\n\r\n360┬░ Spatial Audio Effect : Surround sound experience ideal for gaming and movies\r\n\r\nBluetooth 5.4 + Dual Pairing : Seamless connection with ultra-low latency (45ms) and multi-device support\r\n\r\n38 Hours Battery Life : Long-lasting playback with fast charging (10 mins = up to 20 hours)\r\n\r\nIP55 Dust & Water Resistance : Sweatproof and splashproof ΓÇô perfect for workouts and outdoor use\r\n\r\nRealme Link App Support : Customize EQ, ANC levels, and firmware updates via app\r\n\r\nMagnetic Instant Connection : Auto on/off with magnetic earbuds for convenience\r\n\r\nErgonomic Neckband Design : Lightweight, flexible, and comfortable for all-day wear\r\n50dB Hybrid ANC\r\n\r\nThe Realme Buds Wireless 5 ANC Neckband features 50dB Hybrid Active Noise Cancellation, one of the highest in its class. With adaptive 3-level noise control, it intelligently adjusts to your environmentΓÇöwhether you're in a noisy caf├⌐ or a quiet library. This Realme Neckband uses feedforward and feedback microphones to block out ambient sound, giving you a distraction-free listening experience thatΓÇÖs perfect for travel, work, or focus sessions.\r\n5-Mic ENC for Calling for Clear Calls\r\n\r\nSay goodbye to muffled calls. The Realme Buds Wireless 5 Neckband packs a 5-Mic Environmental Noise Cancellation (ENC) system that isolates your voice and filters out background noise. Whether you're on a busy street or in a crowded room, this Realme Wireless Neckband ensures your voice comes through loud and clear. ItΓÇÖs a game-changer for professionals, students, and anyone who takes calls on the go.\r\nSurround Sound, Reimagined\" ΓÇô 360┬░ Spatial Audio\r\n\r\nExperience audio like never before with 360┬░ Spatial Audio on the Realme Buds Wireless 5 ANC Neckband. This feature creates a virtual surround sound field that enhances depth and directionalityΓÇöideal for movies, gaming, and immersive music sessions. Combined with the large 13.6mm driver, this Realme Neckband transforms your everyday listening into a cinematic experience.\r\nBuilt for the Hustle with IP55 Dust & Water Resistance\r\n\r\nThe Realme Buds Wireless 5 Neckband is built to keep up with your active lifestyle. With IP55-rated dust and water resistance, itΓÇÖs a true Waterproof Neckband that can handle sweat, splashes, and dusty environments. Whether you're hitting the gym or caught in a drizzle, this Realme Wireless Neckband stays protected and keeps performing.", "warranty": "6 months", "warranty_details": "", "product_image": "Products/buds-wireless-5-03-500x500.webp"}}, {"model": "store.product", "pk": "xiaomi-redmi-p27fbb-ra-27-fhd-100hz-professional-monitor", "fields": {"category": 8, "name": "Xiaomi Redmi P27FBB-RA 27\" FHD 100Hz Professional Monitor", "product_adding_date": "2025-09-23T12:00:37.637Z", "regular_price": "17500", "special_price": "15700", "stock": 44, "status": "in_stock", "product_code": "875725", "brand": "XIAOMI", "model": "P27FBB-RA", "color": null, "specification": "Model: P27FBB-RA\r\nResolution: Full HD (1920 x 1080)\r\nDisplay: IPS, 100Hz, 6ms\r\nPorts: 1x HDMI, 1x DisplayPort\r\nFeatures: Borderless Design", "description": "Xiaomi Redmi P27FBB-RA 27\" FHD 100Hz Professional Monitor\r\n\r\nThe Xiaomi Redmi P27FBB-RA is a professional monitor offering stunning visuals, smooth performance, and versatile connectivity. The visuals on the Xiaomi 27-inch LED IPS display are clear and vibrant thanks to its 1920 x 1080 (FHD) resolution. Wide and accurate color reproduction is ensured by the Redmi P27FBB-RA Monitor's 16:9 aspect ratio, 178-degree viewing angle, 250-nit brightness, and 72% NTSC color gamut coverage. A smooth and responsive gaming and video experience is offered by the Redmi Professional Monitor, which also boasts a 100Hz refresh rate and a 6ms response time. You can connect the Xiaomi Redmi P27FBB-RA 27\" Professional Monitor to a variety of devices thanks to its support for HDMI and DisplayPort connections. A professional monitor that blends quality, performance, and practicality is the Xiaomi Redmi P27FBB-RA.", "warranty": "1 Year Warranty", "warranty_details": "", "product_image": "Products/p27fbb-ra-01-500x500.webp"}}, {"model": "store.product", "pk": "xx", "fields": {"category": 5, "name": "XYZ Processor", "product_adding_date": "2025-09-09T16:54:06.471Z", "regular_price": "36500", "special_price": "30500", "stock": 0, "status": "in_stock", "product_code": "xx", "brand": "xx", "model": "xx", "color": "xx", "specification": "gsdf", "description": "sdf", "warranty": "1 Year", "warranty_details": "", "product_image": "Products/cpu.jpg"}}, {"model": "store.product", "pk": "yy", "fields": {"category": 6, "name": "XYZ Mouse", "product_adding_date": "2025-09-09T14:58:45.570Z", "regular_price": "1450", "special_price": "1300", "stock": 0, "status": "up_coming", "product_code": "7777", "brand": "e", "model": "e", "color": "r", "specification": "bghjgyj", "description": "rtutyu", "warranty": "1 Year", "warranty_details": "", "product_image": "Products/mouse.webp"}}, {"model": "offers.offer", "pk": 1, "fields": {"title": "TV Deal", "description": "Buy Smart TV & Get Exciting Discount!", "image": "offers/tv-deals-offer-2025-400x400.webp", "start_date": "2025-09-21", "end_date": "2025-12-31", "outlet": "All Outlet", "button_text": "View Details", "button_link": null, "created_at": "2025-09-21T15:06:14.152Z"}}, {"model": "offers.offer", "pk": 2, "fields": {"title": "AC Deal", "description": "Buy AC & Get Exciting Discount!", "image": "offers/ac-deal-new-01-400x400.webp", "start_date": "2025-09-27", "end_date": "2026-01-30", "outlet": "All Outlet", "button_text": "View Details", "button_link": null, "created_at": "2025-09-21T15:07:26.000Z"}}, {"model": "offers.offer", "pk": 3, "fields": {"title": "Mega Tuesday Offer | Elephant Road Branch", "description": "Visit us at Elephant Road Minita Plaza Branch for unbeatable deals! DonΓÇÖt miss out!", "image": "offers/mega-tuesday-offe-400x400.webp", "start_date": "2025-08-20", "end_date": "2025-12-31", "outlet": "Elephant Road Branch", "button_text": "View Details", "button_link": null, "created_at": "2025-09-21T15:08:28.577Z"}}, {"model": "offers.offer", "pk": 4, "fields": {"title": "LENOVO AMD LAPTOP OFFER", "description": "Buy Lenovo laptop & Get Amazing Wireless Mouse Gifts!", "image": "offers/lenovo-amd-laptop-offer-400x400.webp", "start_date": "2025-10-22", "end_date": "2026-02-28", "outlet": "All Outlet", "button_text": "View Details", "button_link": null, "created_at": "2025-09-21T15:26:34.200Z"}}, {"model": "offers.offer", "pk": 5, "fields": {"title": "HP Ink Tank Bonus Warranty Offer", "description": "Enjoy 2 Years Bonus Warranty on HP Ink Tank Printer!", "image": "offers/hp-ink-tank-bonus-warranty-offer-400x400.webp", "start_date": "2025-08-15", "end_date": "2026-01-31", "outlet": "All Outlet", "button_text": "View Details", "button_link": null, "created_at": "2025-09-21T15:38:53.235Z"}}, {"model": "offers.offer", "pk": 6, "fields": {"title": "Tp-Link Scratch & Win Offer", "description": "Buy a TP-Link any products & Enjoy Exciting Offers!", "image": "offers/tp-link-offer-2025-400x400.webp", "start_date": "2025-10-28", "end_date": "2026-02-28", "outlet": "All Outlet", "button_text": "View Details", "button_link": null, "created_at": "2025-09-21T15:39:37.462Z"}}, {"model": "admin.logentry", "pk": 1, "fields": {"action_time": "2025-09-17T18:58:07.398Z", "user": ["zzz@gmail.com"], "content_type": ["store", "product"], "object_id": "amd-ryzen-5-2700g-processor-gaming-desktop-pc", "object_repr": "AMD Ryzen 5 2700G Processor Gaming Desktop PC", "action_flag": 2, "change_message": "[{\"changed\": {\"fields\": [\"Product image\"]}}]"}}, {"model": "admin.logentry", "pk": 2, "fields": {"action_time": "2025-09-17T19:04:29.381Z", "user": ["zzz@gmail.com"], "content_type": ["store", "product"], "object_id": "amd-ryzen-5-2700g-processor-gaming-desktop-pc", "object_repr": "AMD Ryzen 5 2700G Processor Gaming Desktop PC", "action_flag": 2, "change_message": "[{\"changed\": {\"fields\": [\"Product image\"]}}]"}}, {"model": "admin.logentry", "pk": 3, "fields": {"action_time": "2025-09-17T19:05:17.306Z", "user": ["zzz@gmail.com"], "content_type": ["store", "product"], "object_id": "amd-ryzen-5-2700g-processor-gaming-desktop-pc", "object_repr": "AMD Ryzen 5 2700G Processor Gaming Desktop PC", "action_flag": 2, "change_message": "[{\"changed\": {\"fields\": [\"Product image\"]}}]"}}, {"model": "admin.logentry", "pk": 4, "fields": {"action_time": "2025-09-21T15:06:14.155Z", "user": ["zzz@gmail.com"], "content_type": ["offers", "offer"], "object_id": "1", "object_repr": "TV Deal", "action_flag": 1, "change_message": "[{\"added\": {}}]"}}, {"model": "admin.logentry", "pk": 5, "fields": {"action_time": "2025-09-21T15:07:26.001Z", "user": ["zzz@gmail.com"], "content_type": ["offers", "offer"], "object_id": "2", "object_repr": "AC Deal", "action_flag": 1, "change_message": "[{\"added\": {}}]"}}, {"model": "admin.logentry", "pk": 6, "fields": {"action_time": "2025-09-21T15:08:28.578Z", "user": ["zzz@gmail.com"], "content_type": ["offers", "offer"], "object_id": "3", "object_repr": "Mega Tuesday Offer | Elephant Road Branch", "action_flag": 1, "change_message": "[{\"added\": {}}]"}}, {"model": "admin.logentry", "pk": 7, "fields": {"action_time": "2025-09-21T15:26:34.201Z", "user": ["zzz@gmail.com"], "content_type": ["offers", "offer"], "object_id": "4", "object_repr": "LENOVO AMD LAPTOP OFFER", "action_flag": 1, "change_message": "[{\"added\": {}}]"}}, {"model": "admin.logentry", "pk": 8, "fields": {"action_time": "2025-09-21T15:38:53.237Z", "user": ["zzz@gmail.com"], "content_type": ["offers", "offer"], "object_id": "5", "object_repr": "HP Ink Tank Bonus Warranty Offer", "action_flag": 1, "change_message": "[{\"added\": {}}]"}}, {"model": "admin.logentry", "pk": 9, "fields": {"action_time": "2025-09-21T15:39:37.464Z", "user": ["zzz@gmail.com"], "content_type": ["offers", "offer"], "object_id": "6", "object_repr": "Tp-Link Scratch & Win Offer", "action_flag": 1, "change_message": "[{\"added\": {}}]"}}, {"model": "admin.logentry", "pk": 10, "fields": {"action_time": "2025-09-21T15:47:18.757Z", "user": ["zzz@gmail.com"], "content_type": ["offers", "offer"], "object_id": "6", "object_repr": "Tp-Link Scratch & Win Offer", "action_flag": 2, "change_message": "[{\"changed\": {\"fields\": [\"End date\"]}}]"}}, {"model": "admin.logentry", "pk": 11, "fields": {"action_time": "2025-09-21T15:55:37.125Z", "user": ["zzz@gmail.com"], "content_type": ["offers", "offer"], "object_id": "3", "object_repr": "Mega Tuesday Offer | Elephant Road Branch", "action_flag": 2, "change_message": "[{\"changed\": {\"fields\": [\"Outlet\"]}}]"}}, {"model": "admin.logentry", "pk": 12, "fields": {"action_time": "2025-09-21T15:56:15.583Z", "user": ["zzz@gmail.com"], "content_type": ["offers", "offer"], "object_id": "6", "object_repr": "Tp-Link Scratch & Win Offer", "action_flag": 2, "change_message": "[{\"changed\": {\"fields\": [\"End date\"]}}]"}}, {"model": "admin.logentry", "pk": 13, "fields": {"action_time": "2025-09-21T22:34:00.842Z", "user": ["zzz@gmail.com"], "content_type": ["store", "product"], "object_id": "amd-ryzen-5-2700g-processor-gaming-desktop-pc", "object_repr": "AMD Ryzen 5 2700G Processor Gaming Desktop PC", "action_flag": 2, "change_message": "[{\"changed\": {\"fields\": [\"Product image\"]}}]"}}, {"model": "admin.logentry", "pk": 14, "fields": {"action_time": "2025-09-21T22:34:15.389Z", "user": ["zzz@gmail.com"], "content_type": ["store", "product"], "object_id": "amd-ryzen-5-2700g-processor-gaming-desktop-pc", "object_repr": "AMD Ryzen 5 2700G Processor Gaming Desktop PC", "action_flag": 2, "change_message": "[{\"changed\": {\"fields\": [\"Product image\"]}}]"}}, {"model": "admin.logentry", "pk": 15, "fields": {"action_time": "2025-09-21T22:35:23.263Z", "user": ["zzz@gmail.com"], "content_type": ["store", "product"], "object_id": "klklklkl", "object_repr": "klklklkl", "action_flag": 2, "change_message": "[{\"changed\": {\"fields\": [\"Product image\"]}}]"}}, {"model": "admin.logentry", "pk": 16, "fields": {"action_time": "2025-09-21T22:35:30.994Z", "user": ["zzz@gmail.com"], "content_type": ["store", "product"], "object_id": "klklklkl", "object_repr": "klklklkl", "action_flag": 2, "change_message": "[{\"changed\": {\"fields\": [\"Product image\"]}}]"}}, {"model": "admin.logentry", "pk": 17, "fields": {"action_time": "2025-09-21T22:36:00.982Z", "user": ["zzz@gmail.com"], "content_type": ["store", "product"], "object_id": "ccc", "object_repr": "ccc", "action_flag": 2, "change_message": "[{\"changed\": {\"fields\": [\"Product image\"]}}]"}}, {"model": "admin.logentry", "pk": 18, "fields": {"action_time": "2025-09-21T22:38:09.702Z", "user": ["zzz@gmail.com"], "content_type": ["store", "category"], "object_id": "6", "object_repr": "Accessories", "action_flag": 1, "change_message": "[{\"added\": {}}]"}}, {"model": "admin.logentry", "pk": 19, "fields": {"action_time": "2025-09-21T22:41:36.211Z", "user": ["zzz@gmail.com"], "content_type": ["store", "product"], "object_id": "logitech-mk295-silent-wireless-keyboard-mouse-combo", "object_repr": "Logitech MK295 Silent Wireless Keyboard & Mouse Combo", "action_flag": 1, "change_message": "[{\"added\": {}}]"}}, {"model": "admin.logentry", "pk": 20, "fields": {"action_time": "2025-09-21T22:44:28.819Z", "user": ["zzz@gmail.com"], "content_type": ["store", "category"], "object_id": "7", "object_repr": "Gadget", "action_flag": 1, "change_message": "[{\"added\": {}}]"}}, {"model": "admin.logentry", "pk": 21, "fields": {"action_time": "2025-09-21T22:47:42.257Z", "user": ["zzz@gmail.com"], "content_type": ["store", "product"], "object_id": "kieslect-kr2-ltd", "object_repr": "Kieslect KR2 LTD", "action_flag": 1, "change_message": "[{\"added\": {}}]"}}, {"model": "admin.logentry", "pk": 22, "fields": {"action_time": "2025-09-21T22:48:51.498Z", "user": ["zzz@gmail.com"], "content_type": ["store", "product"], "object_id": "p", "object_repr": "XYZ Laptop", "action_flag": 2, "change_message": "[{\"changed\": {\"fields\": [\"Name\"]}}]"}}, {"model": "admin.logentry", "pk": 23, "fields": {"action_time": "2025-09-21T22:49:02.788Z", "user": ["zzz@gmail.com"], "content_type": ["store", "product"], "object_id": "yy", "object_repr": "XYZ Mouse", "action_flag": 2, "change_message": "[{\"changed\": {\"fields\": [\"Name\"]}}]"}}, {"model": "admin.logentry", "pk": 24, "fields": {"action_time": "2025-09-21T22:49:18.108Z", "user": ["zzz@gmail.com"], "content_type": ["store", "product"], "object_id": "m", "object_repr": "XYZ Graphics Card", "action_flag": 2, "change_message": "[{\"changed\": {\"fields\": [\"Name\"]}}]"}}, {"model": "admin.logentry", "pk": 25, "fields": {"action_time": "2025-09-21T22:49:34.270Z", "user": ["zzz@gmail.com"], "content_type": ["store", "product"], "object_id": "xx", "object_repr": "XYZ Processor", "action_flag": 2, "change_message": "[{\"changed\": {\"fields\": [\"Name\"]}}]"}}, {"model": "admin.logentry", "pk": 26, "fields": {"action_time": "2025-09-21T22:49:56.729Z", "user": ["zzz@gmail.com"], "content_type": ["store", "product"], "object_id": "cc", "object_repr": "XYZ Casing", "action_flag": 2, "change_message": "[{\"changed\": {\"fields\": [\"Name\"]}}]"}}, {"model": "admin.logentry", "pk": 27, "fields": {"action_time": "2025-09-21T22:50:14.162Z", "user": ["zzz@gmail.com"], "content_type": ["store", "product"], "object_id": "ccc", "object_repr": "Desktop Casing", "action_flag": 2, "change_message": "[{\"changed\": {\"fields\": [\"Name\"]}}]"}}, {"model": "admin.logentry", "pk": 28, "fields": {"action_time": "2025-09-21T22:51:32.960Z", "user": ["zzz@gmail.com"], "content_type": ["store", "product"], "object_id": "klklklkl", "object_repr": "Intel 12th Gen Core i5-12400 Desktop PC Product Page after image | Starlink ad Intel 12th Gen Core i5-12400 Desktop PC", "action_flag": 2, "change_message": "[{\"changed\": {\"fields\": [\"Name\", \"Regular price\", \"Special price\"]}}]"}}, {"model": "admin.logentry", "pk": 29, "fields": {"action_time": "2025-09-21T22:52:04.600Z", "user": ["zzz@gmail.com"], "content_type": ["store", "product"], "object_id": "klklklkl", "object_repr": "Intel 12th Gen Core i5-12400 Desktop PC", "action_flag": 2, "change_message": "[{\"changed\": {\"fields\": [\"Name\"]}}]"}}, {"model": "admin.logentry", "pk": 30, "fields": {"action_time": "2025-09-21T22:59:25.880Z", "user": ["zzz@gmail.com"], "content_type": ["store", "product"], "object_id": "qcy-arcbuds-ht07-anc-tws-earbuds", "object_repr": "QCY ArcBuds HT07 ANC TWS Earbuds", "action_flag": 1, "change_message": "[{\"added\": {}}]"}}, {"model": "admin.logentry", "pk": 31, "fields": {"action_time": "2025-09-22T06:27:34.014Z", "user": ["zzz@gmail.com"], "content_type": ["store", "product"], "object_id": "realme-buds-wireless-5-anc-neckband", "object_repr": "Realme Buds Wireless 5 ANC Neckband", "action_flag": 1, "change_message": "[{\"added\": {}}]"}}, {"model": "admin.logentry", "pk": 32, "fields": {"action_time": "2025-09-22T13:58:20.394Z", "user": ["zzz@gmail.com"], "content_type": ["store", "product"], "object_id": "lenovo-ideapad-flex-5-14abr8-ryzen-5-5625u-14-wuxza-x360-touch-laptop", "object_repr": "Lenovo IdeaPad Flex 5 14ABR8 Ryzen 5 5625U 14\" WUXZA X360 Touch Laptop", "action_flag": 1, "change_message": "[{\"added\": {}}]"}}, {"model": "admin.logentry", "pk": 33, "fields": {"action_time": "2025-09-22T14:36:22.464Z", "user": ["zzz@gmail.com"], "content_type": ["store", "product"], "object_id": "colmi-r12-smart-ring", "object_repr": "COLMI R12 Smart Ring", "action_flag": 1, "change_message": "[{\"added\": {}}]"}}, {"model": "admin.logentry", "pk": 34, "fields": {"action_time": "2025-09-22T14:39:06.889Z", "user": ["zzz@gmail.com"], "content_type": ["store", "product"], "object_id": "hoco-j105-10000mah-225w-fast-charging-digital-display-power-bank", "object_repr": "Hoco J105 10000mAh 22.5W Fast Charging Digital Display Power Bank", "action_flag": 1, "change_message": "[{\"added\": {}}]"}}, {"model": "admin.logentry", "pk": 35, "fields": {"action_time": "2025-09-22T14:42:00.833Z", "user": ["zzz@gmail.com"], "content_type": ["store", "category"], "object_id": "8", "object_repr": "Monitor", "action_flag": 1, "change_message": "[{\"added\": {}}]"}}, {"model": "admin.logentry", "pk": 36, "fields": {"action_time": "2025-09-22T14:43:48.401Z", "user": ["zzz@gmail.com"], "content_type": ["store", "product"], "object_id": "aoc-agon-pro-ag276qkd-265-480hz-qhd-oled-gaming-monitor", "object_repr": "AOC AGON PRO AG276QKD 26.5\" 480Hz QHD OLED Gaming Monitor", "action_flag": 1, "change_message": "[{\"added\": {}}]"}}, {"model": "admin.logentry", "pk": 37, "fields": {"action_time": "2025-09-22T14:50:45.396Z", "user": ["zzz@gmail.com"], "content_type": ["store", "product"], "object_id": "acer-aspire-lite-al15-52-core-i3-12th-gen-16gb-ram-156-fhd-laptop", "object_repr": "Acer Aspire Lite AL15-52 Core i3 12th Gen 16GB RAM 15.6\" FHD Laptop", "action_flag": 2, "change_message": "[{\"changed\": {\"fields\": [\"Name\", \"Slug\", \"Product code\", \"Brand\", \"Model\", \"Color\", \"Regular price\", \"Special price\", \"Stock\", \"Specification\", \"Description\", \"Warranty\", \"Warranty details\"]}}]"}}, {"model": "admin.logentry", "pk": 38, "fields": {"action_time": "2025-09-22T14:51:13.394Z", "user": ["zzz@gmail.com"], "content_type": ["store", "product"], "object_id": "p", "object_repr": "XYZ Laptop", "action_flag": 2, "change_message": "[{\"changed\": {\"fields\": [\"Category\"]}}]"}}, {"model": "admin.logentry", "pk": 39, "fields": {"action_time": "2025-09-22T14:51:29.485Z", "user": ["zzz@gmail.com"], "content_type": ["store", "product"], "object_id": "acer-aspire-lite-al15-52-core-i3-12th-gen-16gb-ram-156-fhd-laptop", "object_repr": "Acer Aspire Lite AL15-52 Core i3 12th Gen 16GB RAM 15.6\" FHD Laptop", "action_flag": 2, "change_message": "[{\"changed\": {\"fields\": [\"Category\"]}}]"}}, {"model": "admin.logentry", "pk": 40, "fields": {"action_time": "2025-09-22T14:53:47.273Z", "user": ["zzz@gmail.com"], "content_type": ["store", "product"], "object_id": "yy", "object_repr": "XYZ Mouse", "action_flag": 2, "change_message": "[{\"changed\": {\"fields\": [\"Category\"]}}]"}}, {"model": "admin.logentry", "pk": 41, "fields": {"action_time": "2025-09-22T14:54:13.620Z", "user": ["zzz@gmail.com"], "content_type": ["store", "product"], "object_id": "m", "object_repr": "XYZ Graphics Card", "action_flag": 2, "change_message": "[{\"changed\": {\"fields\": [\"Category\"]}}]"}}, {"model": "admin.logentry", "pk": 42, "fields": {"action_time": "2025-09-22T14:54:28.676Z", "user": ["zzz@gmail.com"], "content_type": ["store", "product"], "object_id": "cc", "object_repr": "XYZ Casing", "action_flag": 2, "change_message": "[{\"changed\": {\"fields\": [\"Category\"]}}]"}}, {"model": "admin.logentry", "pk": 43, "fields": {"action_time": "2025-09-22T14:54:57.530Z", "user": ["zzz@gmail.com"], "content_type": ["store", "product"], "object_id": "xx", "object_repr": "XYZ Processor", "action_flag": 2, "change_message": "[{\"changed\": {\"fields\": [\"Category\"]}}]"}}, {"model": "admin.logentry", "pk": 44, "fields": {"action_time": "2025-09-22T14:55:11.794Z", "user": ["zzz@gmail.com"], "content_type": ["store", "category"], "object_id": "1", "object_repr": "C", "action_flag": 3, "change_message": ""}}, {"model": "admin.logentry", "pk": 45, "fields": {"action_time": "2025-09-22T14:55:15.342Z", "user": ["zzz@gmail.com"], "content_type": ["store", "category"], "object_id": "2", "object_repr": "T", "action_flag": 3, "change_message": ""}}, {"model": "admin.logentry", "pk": 46, "fields": {"action_time": "2025-09-22T14:56:49.724Z", "user": ["zzz@gmail.com"], "content_type": ["store", "product"], "object_id": "p", "object_repr": "XYZ Laptop", "action_flag": 2, "change_message": "[{\"changed\": {\"fields\": [\"Product image\"]}}]"}}, {"model": "admin.logentry", "pk": 47, "fields": {"action_time": "2025-09-22T14:57:30.317Z", "user": ["zzz@gmail.com"], "content_type": ["store", "product"], "object_id": "cc", "object_repr": "XYZ Casing", "action_flag": 2, "change_message": "[{\"changed\": {\"fields\": [\"Regular price\", \"Special price\"]}}]"}}, {"model": "admin.logentry", "pk": 48, "fields": {"action_time": "2025-09-22T14:57:57.568Z", "user": ["zzz@gmail.com"], "content_type": ["store", "product"], "object_id": "xx", "object_repr": "XYZ Processor", "action_flag": 2, "change_message": "[{\"changed\": {\"fields\": [\"Regular price\", \"Special price\"]}}]"}}, {"model": "admin.logentry", "pk": 49, "fields": {"action_time": "2025-09-22T14:58:32.250Z", "user": ["zzz@gmail.com"], "content_type": ["store", "product"], "object_id": "m", "object_repr": "XYZ Graphics Card", "action_flag": 2, "change_message": "[{\"changed\": {\"fields\": [\"Regular price\", \"Special price\"]}}]"}}, {"model": "admin.logentry", "pk": 50, "fields": {"action_time": "2025-09-22T14:58:56.952Z", "user": ["zzz@gmail.com"], "content_type": ["store", "product"], "object_id": "yy", "object_repr": "XYZ Mouse", "action_flag": 2, "change_message": "[{\"changed\": {\"fields\": [\"Regular price\", \"Special price\"]}}]"}}, {"model": "admin.logentry", "pk": 51, "fields": {"action_time": "2025-09-22T14:59:31.165Z", "user": ["zzz@gmail.com"], "content_type": ["store", "product"], "object_id": "p", "object_repr": "XYZ Laptop", "action_flag": 2, "change_message": "[{\"changed\": {\"fields\": [\"Regular price\", \"Special price\"]}}]"}}, {"model": "admin.logentry", "pk": 52, "fields": {"action_time": "2025-09-22T15:01:00.735Z", "user": ["zzz@gmail.com"], "content_type": ["store", "product"], "object_id": "p", "object_repr": "XYZ Laptop", "action_flag": 2, "change_message": "[{\"changed\": {\"fields\": [\"Product image\"]}}]"}}, {"model": "admin.logentry", "pk": 53, "fields": {"action_time": "2025-09-22T15:01:11.056Z", "user": ["zzz@gmail.com"], "content_type": ["store", "product"], "object_id": "acer-aspire-lite-al15-52-core-i3-12th-gen-16gb-ram-156-fhd-laptop", "object_repr": "Acer Aspire Lite AL15-52 Core i3 12th Gen 16GB RAM 15.6\" FHD Laptop", "action_flag": 2, "change_message": "[{\"changed\": {\"fields\": [\"Product image\"]}}]"}}, {"model": "admin.logentry", "pk": 54, "fields": {"action_time": "2025-09-23T11:20:53.997Z", "user": ["zzz@gmail.com"], "content_type": ["store", "product"], "object_id": "aoc-24g11ze-238-240hz-fhd-fast-ips-gaming-monitor", "object_repr": "AOC 24G11ZE 23.8\" 240Hz FHD Fast IPS Gaming Monitor", "action_flag": 1, "change_message": "[{\"added\": {}}]"}}, {"model": "admin.logentry", "pk": 55, "fields": {"action_time": "2025-09-23T11:51:19.723Z", "user": ["zzz@gmail.com"], "content_type": ["store", "product"], "object_id": "ccc", "object_repr": "Desktop Casing", "action_flag": 2, "change_message": "[{\"changed\": {\"fields\": [\"Regular price\", \"Special price\"]}}]"}}, {"model": "admin.logentry", "pk": 56, "fields": {"action_time": "2025-09-23T11:54:39.427Z", "user": ["zzz@gmail.com"], "content_type": ["store", "product"], "object_id": "ccc", "object_repr": "Desktop Casing", "action_flag": 2, "change_message": "[]"}}, {"model": "admin.logentry", "pk": 57, "fields": {"action_time": "2025-09-23T11:55:22.402Z", "user": ["zzz@gmail.com"], "content_type": ["store", "product"], "object_id": "aoc-24g11ze-238-240hz-fhd-fast-ips-gaming-monitor", "object_repr": "AOC 24G11ZE 23.8\" 240Hz FHD Fast IPS Gaming Monitor", "action_flag": 2, "change_message": "[{\"changed\": {\"fields\": [\"Special price\"]}}]"}}, {"model": "admin.logentry", "pk": 58, "fields": {"action_time": "2025-09-23T11:58:40.430Z", "user": ["zzz@gmail.com"], "content_type": ["store", "product"], "object_id": "aoc-24g11ze-238-240hz-fhd-fast-ips-gaming-monitor", "object_repr": "AOC 24G11ZE 23.8\" 240Hz FHD Fast IPS Gaming Monitor", "action_flag": 2, "change_message": "[{\"changed\": {\"fields\": [\"Special price\"]}}]"}}, {"model": "admin.logentry", "pk": 59, "fields": {"action_time": "2025-09-23T12:00:37.639Z", "user": ["zzz@gmail.com"], "content_type": ["store", "product"], "object_id": "xiaomi-redmi-p27fbb-ra-27-fhd-100hz-professional-monitor", "object_repr": "Xiaomi Redmi P27FBB-RA 27\" FHD 100Hz Professional Monitor", "action_flag": 2, "change_message": "[{\"changed\": {\"fields\": [\"Name\", \"Slug\", \"Product code\", \"Brand\", \"Model\", \"Regular price\", \"Special price\", \"Stock\", \"Specification\", \"Description\", \"Warranty\", \"Product image\"]}}]"}}, {"model": "admin.logentry", "pk": 60, "fields": {"action_time": "2025-09-23T12:01:09.634Z", "user": ["zzz@gmail.com"], "content_type": ["store", "product"], "object_id": "m-2", "object_repr": "m", "action_flag": 2, "change_message": "[{\"changed\": {\"fields\": [\"Slug\", \"Product code\"]}}]"}}, {"model": "admin.logentry", "pk": 61, "fields": {"action_time": "2025-09-23T12:01:51.356Z", "user": ["zzz@gmail.com"], "content_type": ["store", "product"], "object_id": "m-2", "object_repr": "m", "action_flag": 2, "change_message": "[]"}}, {"model": "admin.logentry", "pk": 62, "fields": {"action_time": "2025-09-23T12:18:05.634Z", "user": ["zzz@gmail.com"], "content_type": ["store", "product"], "object_id": "m-1", "object_repr": "m", "action_flag": 2, "change_message": "[{\"changed\": {\"fields\": [\"Product image\"]}}]"}}]
